지점명,주소
안산삼성프라자,"경기도 안산시 상록구 광덕1로 342 (이동), 1층 일부"
안산한대앞역,"경기도 안산시 상록구 광덕1로 379, 한남빌딩 1~2층 (이동)"
안산한양대,"경기도 안산시 상록구 성안길 82-3, B동 1층 (사동)"
안산문화광장,"경기도 안산시 단원구 광덕대로 154, ,771-4 로데오타운1층 (고잔동)"
송산그린시티,경기도 화성시 수노을중앙로 136 
안산중앙역,경기도 안산시 단원구 중앙대로 907 (고잔동)
안산중앙,"경기도 안산시 단원구 고잔로 102, 스타타워 1층 (고잔동)"
안산고잔센트럴타워,경기도 안산시 단원구 고잔로 72 (고잔동)
안산삼성프라자,"경기도 안산시 상록구 광덕1로 342 (이동), 1층 일부"
안산한대앞역,"경기도 안산시 상록구 광덕1로 379, 한남빌딩 1~2층 (이동)"
안산한양대,"경기도 안산시 상록구 성안길 82-3, B동 1층 (사동)"
안산문화광장,"경기도 안산시 단원구 광덕대로 154, ,771-4 로데오타운1층 (고잔동)"
송산그린시티,경기도 화성시 수노을중앙로 136 
안산중앙역,경기도 안산시 단원구 중앙대로 907 (고잔동)
안산중앙,"경기도 안산시 단원구 고잔로 102, 스타타워 1층 (고잔동)"
안산고잔센트럴타워,경기도 안산시 단원구 고잔로 72 (고잔동)
남이섬,경기도 가평군 가평읍 북한강변로 1054 북한강변로 1054
소노캄고양,경기도 고양시 일산동구 장항동 1755 
일산애니골DT,경기도 고양시 일산동구 무궁화로 294 (풍동)
동국대일산병원,경기도 고양시 일산동구 식사동 814 경기도 고양시 일산동구 동국로 27
일산풍동DT,경기도 고양시 일산동구 백마로 475 (풍동)
백석중앙로,경기도 고양시 일산동구 강송로 33 (백석동)
일산식사,경기도 고양시 일산동구 위시티2로11번길 31 (식사동)
풍산이마트,경기도 고양시 일산동구 무궁화로 237 (중산동)
백석역DT,"경기도 고양시 일산동구 중앙로 1054, 1층 (백석동)"
백석,경기도 고양시 일산동구 중앙로 1059 (백석동)
라페스타광장,경기도 고양시 일산동구 중앙로1275번길 38-9 (장항동)
일산백마,경기도 고양시 일산동구 일산로 237 (마두동)
웨스턴돔B,경기도 고양시 일산동구 정발산로 24 (장항동)
마두역,경기도 고양시 일산동구 중앙로 1191 (장항동)
일산동구청,경기도 고양시 일산동구 정발산로 38 
과천DT,경기도 과천시 중앙로 277 (중앙동)
과천이마트,경기도 과천시 별양상가3로 11 이마트 1층(별양동)
과천,"경기도 과천시 중앙로 129, 고려빌딩 1층 (중앙동)"
광명하안대로,경기도 광명시 범안로 1036 (하안동)
철산역,경기도 광명시 철산로 15 (철산동)
광명역,"경기도 광명시 양지로 16 (일직동, 광명역써밋플레이스)"
광명소하DT,경기도 광명시 오리로 363 (소하동)
광명소하,경기도 광명시 금하로 464 (소하동)
광명사거리역,경기도 광명시 광명로 907 (광명동)
철산로데오,경기도 광명시 디지털로 17 (철산1동) 가림빌딩
광명하안,경기도 광명시 범안로 1060 (하안동)
광명철산,경기도 광명시 오리로 865 (철산동)
광명AK,"경기도 광명시 양지로 17 (일직동), 1층 일부"
광명롯데몰,경기도 광명시 일직로 17 (일직동) 롯데아울렛 1층
경기광주쌍령DT,경기도 광주시 경충대로 1445 (쌍령동)
경기광주신현DT,경기도 광주시 오포읍 태재로 37 
경기광주송정DT,경기도 광주시 송정동 12-12외 1필지 
경기광주,경기도 광주시 광주대로 35 (경안동)
경기광주초월역DT,경기도 광주시 초월읍 경충대로 1084 
곤지암ICDT,경기도 광주시 곤지암읍 경충대로 765 경충대로 765
구리갈매역,경기도 구리시 경춘북로252 A101 
구리돌다리,"경기도 구리시 검배로 5, 우진빌딩 (수택동)"
구리장자호수,경기도 구리시 장자대로 84 (수택동)1층전체 2층 일부
산본사거리,경기도 군포시 고산로701 
산본,경기도 군포시 산본로343번길 9 (산본동) 1층
산본역,"경기도 군포시 번영로 497, 금화프라자 1층 (산본동)"
산본동,"경기도 군포시 산본로 398, 태주빌딩 2층"
산본역서부사거리,경기도 군포시 번영로 485 (산본동) 롯데피트인 산본 1층 일부
다산지금,경기도 남양주시 다산지금로139 101~106호
남양주연평DT,경기도 남양주시 진접읍 해밀예당1로27 
다산진건,경기도 남양주시 다산중앙로 123번길 22-26 123호~128호 
도농역,경기도 남양주시 미금로 239 1층 101호~106호
남양주진접DT,경기도 남양주시 진접읍 금강로 1477 
리버사이드팔당DTR,경기도 남양주시 와부읍 경강로 772 
별내불암로,경기도 남양주시 별내5로5번길 15 (별내동)
평내DT,경기도 남양주시 경춘로 1269
별내,경기도 남양주시 별내중앙로 64 1-2층
평내호평역,"경기도 남양주시 늘을1로16번길 25, 성보빌딩 (호평동)"
남양주화도DT,경기도 남양주시 화도읍 수레로1137 주1동1~2층
다산DT,경기도 남양주시 다산중앙로 19번길5 (다산동)
남양주삼패,경기도 남양주시 경강로 384 (삼패동)1-2층 옥탑
판교유스페이스,경기도 성남시 분당구 대왕판교로 660 (삼평동)
판교알파돔타워,경기도 성남시 분당구 판교역로 152 (백현동)
판교아비뉴프랑R,"경기도 성남시 분당구 동판교로177번길 25 (삼평동, 판교 호반 써밋 플레이스)"
야탑터미널,경기도 성남시 분당구 성남대로925번길 16 (야탑동)
분당이매,경기도 성남시 분당구 이매로 15 (이매동)
분당율동공원,경기도 성남시 분당구 새마을로175번길 4 (율동)
정자동,경기도 성남시 분당구 정자로 82 (정자동)
판교알파돔시티,경기도 성남시 분당구 대왕판교로606번길 10 (백현동 알파돔시티)
서판교,경기도 성남시 분당구 운중로 132 (운중동)
판교브릿지타워,경기도 성남시 분당구 판교로 227번길 6 (삼평동)
판교봇들마을,경기도 성남시 분당구 판교로 372 (삼평동)
판교역로,경기도 성남시 분당구 판교역로 192번길 14 (삼평동)
서현,경기도 성남시 분당구 황새울로360번길 19 (서현동) 금화빌딩
미금역사거리,경기도 성남시 분당구 성남대로 151 (구미동)
수내로,경기도 성남시 분당구 수내로46번길 12 (수내동) 코아빌딩
정자역,경기도 성남시 분당구 성남대로343번길 12-2 (정자동)
분당구청,경기도 성남시 분당구 분당로 43 (서현동)
뉴코아야탑,"경기도 성남시 분당구 야탑로81번길 11, 뉴코아 야탑점 아울렛 1층 (야탑동)"
미금역,경기도 성남시 분당구 돌마로 43 (금곡동) 메디파크빌딩
수내,"경기도 성남시 분당구 황새울로 234, 분당트라팰리스 (수내동)"
정자상떼뷰,"경기도 성남시 분당구 정자일로213번길 18 (정자동, 성원상떼뷰리젠시)"
서현미래에셋,"경기도 성남시 분당구 황새울로359번길 11, 미래에셋빌딩 1층 (서현동)"
야탑글라스,경기도 성남시 분당구 성남대로916번길 11 (야탑동)
정자,"경기도 성남시 분당구 정자일로 166, SPG센터 (정자동)"
분당서울대병원4,"경기도 성남시 분당구 구미로173번길 82, 분당서울대학교병원 신관 4층 (구미동)"
분당서울대병원1,"경기도 성남시 분당구 구미로173번길 82, 분당서울대학교병원 신관 1층 (구미동)"
서현N타운,경기도 성남시 분당구 황새울로335번길 5 (서현동)
서현역,"경기도 성남시 분당구 서현로210번길 20, 1층 (서현동)"
오리역,"경기도 성남시 분당구 성남대로 32, 1층 (구미동)"
분당정자,"경기도 성남시 분당구 성남대로 393, 두산위브파빌리온 1층 (정자동)"
수내역,"경기도 성남시 분당구 백현로101번길 30, 1-2층 (수내동)"
정자아데나,경기도 성남시 분당구 성남대로 275 (정자동)
분당이마트,경기도 성남시 분당구 불정로 134 (정자동)
판교H스퀘어,"경기도 성남시 분당구 판교역로 231, 에이치스퀘어 (삼평동)"
오리역삼거리,경기도 성남시 분당구 성남대로 45 (구미동)
판교HIPEX,"경기도 성남시 분당구 판교역로 230, 판교 삼환 HIPEX (삼평동)"
분당서현역AK R,경기도 성남시 분당구 황새울로360번길 42 (서현동)
분당궁내DT,경기도 성남시 분당구 대왕판교로 302 (궁내동)
야탑역사거리,경기도 성남시 분당구 야탑로 102 (야탑동)
남한산성입구역,경기도 성남시 중원구 산성대로426번길 2 (금광동)
단대오거리역,경기도 성남시 중원구 산성대로 340-1 (중앙동)
수원금곡,경기도 수원시 권선구 금곡로 219 (금곡동)
수원세류DT,경기도 수원시 권선구 권선로544번길 1 (세류동)
수원호매실,"경기도 수원시 권선구 서수원로577번길 305 (금곡동, 수원모아미래도센트럴타운2단지)"
수원권선DT,경기도 수원시 권선구 매송고색로 543 (오목천동)
수원권선,경기도 수원시 권선구 동수원로177번길 40 (권선동)
수원이마트,경기도 수원시 권선구 경수대로 270 (권선동) 2층
수원세류역DT,경기도 수원시 권선구 경수대로 185 (세류동)
수원연무DT,경기도 수원시 장안구 창룡대로 171 (연무동)
북수원IC DT,경기도 수원시 장안구 경수대로 1038 (파장동)
수원천천,경기도 수원시 장안구 덕영대로535번길 46 (천천동)
수원성균관대,"경기도 수원시 장안구 서부로 2131, 1층 4,5,6호 2층1,2호 (율전동)"
수원경수인계DT,경기도 수원시 팔달구 경수대로 499 (인계동)
수원KBS DT,경기도 수원시 팔달구 권광로 265 (인계동)
수원인계DT,경기도 수원시 팔달구 인계로94번길 3 (인계동)
수원이비스,경기도 수원시 팔달구 권광로 132 (인계동)
수원매산,경기도 수원시 팔달구 매산로 11 (매산로1가)
동수원DT,경기도 수원시 팔달구 중부대로 161 (우만동)
수원인계,경기도 수원시 팔달구 권광로 199 (인계동)
아주대,경기도 수원시 팔달구 월드컵로 205 (우만동)
수원역AK R,경기도 수원시 팔달구 덕영대로 924 (매산로1가)
시흥대야DT,경기도 시흥시 뱀내장터로 27 (대야동)
배곧아브뉴프랑,경기도 시흥시 서울대학로278번길 34 (정왕동)
시흥대야동,경기도 시흥시 비둘기공원7길 51 (대야동)
배곧신도시,경기도 시흥시 서울대학로278번길 43-13 (정왕동)
시흥대야,경기도 시흥시 비둘기공원로 10 (대야동)
시흥P.아울렛 3F,경기도 시흥시 서해안로 699 (정왕동)
시흥P.아울렛 1F,경기도 시흥시 서해안로 699 (정왕동)
시화로데오,경기도 시흥시 중심상가2길 20-5 (정왕동)
시흥목감DT,경기도 시흥시 동서로 950 (조남동)
시흥은계,경기도 시흥시 은계번영길 9 (은행동)
안산고잔센트럴타워,경기도 안산시 단원구 고잔로 72 (고잔동)
안산상공회의소,경기도 안산시 단원구 적금로 120 (고잔동)
고잔이마트,경기도 안산시 단원구 원포공원1로 46 (초지동) 이마트
안산문화광장,"경기도 안산시 단원구 광덕대로 154, ,771-4 로데오타운1층 (고잔동)"
안산중앙,"경기도 안산시 단원구 고잔로 102, 스타타워 1층 (고잔동)"
안산중앙역,경기도 안산시 단원구 중앙대로 907 (고잔동)
안산트레이더스,경기도 안산시 단원구 중앙대로 397 (신길동)
안성석정DT,경기도 안성시 중앙로 308 (석정동)
안성공도DT,경기도 안성시 공도읍 서동대로 4489 
안성계동DT,경기도 안성시 안성맞춤대로 805 (계동)
스타필드안성R,경기도 안성시 공도읍 서동대로 3930-39 
호계지식산업센터,경기도 안양시 동안구 엘에스로 122 데시앙플렉스 118~123호
평촌역DT,경기도 안양시 동안구 시민대로 373 (관양동)
안양범계,경기도 안양시 동안구 시민대로 206 (호계동)
안양운동장사거리DT,경기도 안양시 동안구 관악대로 234 (비산동)
범계역,경기도 안양시 동안구 시민대로 180 (호계동)
안양호계DT,경기도 안양시 동안구 엘에스로 23-8 (호계동)
평촌호계,경기도 안양시 동안구 평촌대로 123 (호계동)
평촌로데오,경기도 안양시 동안구 관평로 182 (관양동)
평촌역사거리,경기도 안양시 동안구 시민대로 311 금강스마트 빌딩 1층(관양동1746)
안양비산DT,경기도 안양시 동안구 경수대로 821 (비산동)
평촌아크로,"경기도 안양시 동안구 시민대로 230, 평촌아크로타워상가동 2층 8호 (관양동)"
범계로데오,경기도 안양시 동안구 평촌대로 223 (호계동)
인덕원역,"경기도 안양시 동안구 흥안대로 519, 아이퍼스트타워 1~2층 (관양동)"
안양이마트,경기도 안양시 동안구 관악대로 104 (비산동)
안양역R,경기도 안양시 만안구 만안로 232 (안양동) 안양민자역사 1층 001호
명학역,"경기도 안양시 만안구 안양로 96 128,129,130,132,133,134,135,136호"
안양역,경기도 안양시 만안구 장내로 149번길 (안양동)53
안양석수DT,경기도 안양시 만안구 경수대로 1397 (석수동)
안양일번가,경기도 안양시 만안구 안양로292번길 36 (안양동)
양주옥정타운,경기도 양주시 회천남로 76 (옥정동)
양주송추DT,경기도 양주시 장흥면 호국로 528 
양주덕정역DT,경기도 양주시 독바위로 35 (덕정동)
양주고읍DT,경기도 양주시 고덕로351 (고읍동)
양주광사DT,경기도 양주시 부흥로 1872 (광사동)
양주고읍,경기도 양주시 고읍남로 20 (광사동)
양주옥정공원,경기도 양주시 옥정동로7길 30 (옥정동)
북오산IC DT,경기도 오산시 문시로 109-2 
오산세교,경기도 오산시 수청로 193 
오산갈곶DT,"경기도 오산시 경기대로 50, B동 (갈곶동)"
오산IC DT,경기도 오산시 원동로 74(원동)
오산시청,경기도 오산시 운천로 61
오산수청DT,경기도 오산시 경기대로 445 (수청동)
용인세브란스병원,경기도 용인시 기흥구 동백죽전대로 363 (중동)
용인상하DT,경기도 용인시 기흥구 중부대로 771 (상하동)
용인언남,경기도 용인시 기흥구 구성로 120 (언남동)
기흥역AK R,"경기도 용인시 기흥구 기흥역로 63 (구갈동, 기흥역 힐스테이트)"
용인고매동,경기도 용인시 기흥구 신고매로 59 (고매동)
용인보라DT,경기도 용인시 기흥구 용구대로 1877 (보라동)
용인동백DT,경기도 용인시 기흥구 어정로 102 (상하동)
용인마북DT,경기도 용인시 기흥구 용구대로 2330
용인기흥구청,경기도 용인시 기흥구 구갈로 71-18 (신갈동)
수원IC DT,경기도 용인시 기흥구 중부대로 56
용인보정,"경기도 용인시 기흥구 죽전로 20, 죽전누리에뜰상가 (보정동)"
구성트레이더스,경기도 용인시 기흥구 용구대로 2457 (보정동)
강남대,"경기도 용인시 기흥구 강남로 3, 강남&플러스 1층(구갈동)"
용인보정DT,경기도 용인시 기흥구 용구대로2469번길 165 (보정동)
동백이마트,경기도 용인시 기흥구 동백죽전대로 444 (중동)
용인김량장DT,경기도 용인시 처인구 백옥대로 1174 (김량장동)
용인에버랜드R,경기도 용인시 처인구 포곡읍 에버랜드로 199 
용인시청DT,경기도 용인시 처인구 중부대로 1130
용인처인구청,경기도 용인시 처인구 금령로 60 (김량장동)
용인마평DT,경기도 용인시 처인구 금령로 188 (마평동)
의왕청계DT,경기도 의왕시 청계동 829-4 
의왕포일,경기도 의왕시 안양판교로 89 (포일동)
의왕내손,경기도 의왕시 내손중앙로 4 (내손동)  벨포레스퀘어 G111~116호
의왕롯데몰,"경기도 의왕시 바라산로 1 (학의동), GF층 일부"
의정부예술의전당DT,경기도 의정부시 경의로 31 (의정부동)
의정부신곡DT,경기도 의정부시 회룡로 269 
의정부용현DT,경기도 의정부시 시민로 468 (용현동)
의정부공원,경기도 의정부시 평화로 540 (의정부동)
의정부민락,경기도 의정부시 천보로 68 (민락동)
의정부회룡역DT,경기도 의정부시 평화로 341 (호원동)
의정부녹양DT,경기도 의정부시 비우로 119 (가능동)
의정부금오,"경기도 의정부시 청사로48번길 7, 대송프라자 (금오동)"
신세계의정부2F,"경기도 의정부시 평화로 525, 신세계백화점 2층 (의정부동)"
신세계의정부6F,"경기도 의정부시 평화로 525, 신세계백화점 6층 (의정부동)"
의정부민락타운,경기도 의정부시 오목로 196 (민락동)
의정부장암DT,경기도 의정부시 동일로 114 (장암동)
의정부이마트,경기도 의정부시 민락로 210 (민락동)
이천증포DT,경기도 이천시 이섭대천로 1445 (증포동)
이천사음DT,경기도 이천시 경충대로 3045 (사음동)
이천하이닉스,"경기도 이천시 부발읍 경충대로 2100 외 101호, 102호, 201호"
마장휴게소,경기도 이천시 중부대로 중부고속도로 82
이천터미널,경기도 이천시 중리천로 84 (중리동)
포천DT,경기도 포천시 호국로 925 (선단동)
하남미사DT,경기도 하남시 미사강변남로 35 (망월동)
하남황산사거리,경기도 하남시 조정대로 65 (풍산동)
스타필드위례1FR,경기도 하남시 학암동 90-33 위례스타필드
미사역효성,경기도 하남시 아리수로 570 (망월동)
하남덕풍,경기도 하남시 덕풍동 741-2 하남풍산메트하임
하남미사,경기도 하남시 미사강변북로30번길 130 (망월동)
스타필드하남1F(티바나),경기도 하남시 미사대로 750 (신장동)
신세계하남2F,경기도 하남시 미사대로 750 (신장동)
스타필드하남2FR,경기도 하남시 미사대로 750 (신장동)
하남신장,경기도 하남시 신장로 130
하남시청,경기도 하남시 대청로 34 (신장동)
하남풍산역,경기도 하남시 덕풍서로 80 (덕풍동) 빌리브하남 101~106호
화성시청,경기도 화성시 남양읍 시청로 113 
화성봉담,경기도 화성시 봉담읍 동화길 51 
화성향남,경기도 화성시 향남읍 발안로 111 
동탄카림R,"경기도 화성시 동탄대로시범길 134 (청계동, 시범 반도유보라 아이비파크4.0)"
동탄능동DT,경기도 화성시 동탄지성로 201 (능동)
동탄역,경기도 화성시 동탄대로 495 (오산동)
화성병점DT,경기도 화성시 효행로 1013 (진안동)
동탄영천,경기도 화성시 동탄순환대로 692 (영천동)
신영통DT,경기도 화성시 영통로 43 (반월동)
동탄센트럴파크,경기도 화성시 동탄지성로 104 센트럴파티오
동탄,"경기도 화성시 메타폴리스로 54 (반송동, 동탄파라곤II) 1층"
동탄광장,"경기도 화성시 동탄지성로 17, 풍성 위버폴리스  (반송동)"
동탄이마트,"경기도 화성시 동탄중앙로 376, 동탄이마트 1층 (석우동)"
화성봉담DT,경기도 화성시 효행로 219 (기안동)
동탄목동,경기도 화성시 동탄순환대로20길 124 (목동)109호~115호
화성반월DT,경기도 화성시 효행로 1241 (반월동)
송산그린시티,경기도 화성시 수노을중앙로 136 
동탄역롯데R,경기도 화성시 동탄역로 160 롯데백화점 동탄점
화성안녕DT,경기도 화성시 효행로 751 (안녕동)
동탄디엠시티,경기도 화성시 동탄대로 636-14 (영천동 동탄역 대방디엠시티 더 센텀)C-107 108 109 110 C-205 206
화성향남2지구,"경기도 화성시 향남읍 발안양감로 187 발안양감로 187 센트럴프라자1동 108호,204호"
동탄호수공원,경기도 화성시 동탄대로 181 (송동)
삼송역,경기도 고양시 동송로 70 
원흥역,경기도 고양시 덕양구 원흥5로 25 
스타필드고양3F(티바나),경기도 고양시 덕양구 고양대로 1955 (동산동)
스타필드고양1FR,경기도 고양시 덕양구 고양대로 1955 (동산동)
스타필드고양1F고메스트리트,경기도 고양시 덕양구 고양대로 1955 (동산동)
스타필드고양3F잇토피아,경기도 고양시 덕양구 고양대로 1955 (동산동)
고양삼송,경기도 고양시 덕양구 신원동 628-2
고양DT,경기도 고양시 덕양구 호국로 1775 (고양동)
행신역,경기도 고양시 덕양구 충장로 14 (행신동)
원당DT,경기도 고양시 덕양구 호국로 811 (주교동)
화정,경기도 고양시 덕양구 화신로272번길 57 (화정동)
화정역,경기도 고양시 덕양구 화신로260번길 57 (화정동)
고양행신,경기도 고양시 덕양구 충장로 126 (행신동)
고양원흥DT,경기도 고양시 덕양구 서오릉로663번길 8 (원흥동)
고양향동,경기도 고양시 덕양구 꽃마을로 4 (향동동)
화정호국로,경기도 고양시 덕양구 화수로14번길 72 (화정동)
신흥역,경기도 성남시 수정구 산성대로 267 (신흥동)
성남위례,경기도 성남시 수정구 위례광장로 104 (창곡동)
성남이마트,경기도 성남시 수정구 수정로 201 (태평1동) 신세계쉐덴
판교아이스퀘어,경기도 성남시 수정구 창업로 18(시흥동)
여주DT,경기도 여주시 세종로 358 (점봉동)_1
여주P.아울렛입구,경기도 여주시 명품로 360 2004호 (상거동)
여주P.아울렛,경기도 여주시 명품로 360 2400호 (상거동)
평택비전,경기도 평택시 비전5로 20-24 (비전동)
평택서정DT,경기도 평택시 경기대로 1353 (서정동)
평택안중DT,경기도 평택시 안중읍 서동대로 1459 
평택로데오,경기도 평택시 중앙2로 13 (평택동)
평택AK플라자,경기도 평택시 평택로 51 (평택동) 평택역
평택송탄,경기도 평택시 관광특구로 38 (서정동)
평택죽백DT,경기도 평택시 만세로 1707 (죽백동)
평택대DT,경기도 평택시 서동대로 3847 (용이동)
평택세교DT,경기도 평택시 경기대로 625 (세교동)
주엽강선,경기도 고양시 일산서구 주엽동 81 
일산가로수길R,경기도 고양시 일산서구 대화동 1050-185
일산가구단지,경기도 고양시 일산서구 하이파크2로 67 (덕이동)
일산덕이DT,경기도 고양시 일산서구 탄중로 106 (덕이동)
일산후곡,경기도 고양시 일산서구 일산로 541 (일산동)
킨텍스이마트,경기도 고양시 일산서구 킨텍스로 171
일산탄현제니스,경기도 고양시 일산서구 일현로 97-11 (일산위브더제니스스퀘어1동147~151)
대화역,"경기도 고양시 일산서구 중앙로 1559, 시티타워 1~2층 (대화동)"
일산주엽,"경기도 고양시 일산서구 중앙로 1420, 1층 (주엽동)"
현대킨텍스,경기도 고양시 일산서구 호수로 817 현대백화점 킨텍스점 B1 
문촌사거리,경기도 고양시 일산서구 중앙로 1470 (주엽동)
일산탄현동,경기도 고양시 일산서구 일현로 91 (탄현동)
풍무역DT,경기도 김포시 김포대로 657 (풍무동)
풍무사거리DT,경기도 김포시 풍무로 137 
김포아이앤씨,경기도 김포시 태장로 779 (장기동)
김포구래,"경기도 김포시 김포한강4로 487 (구래동, 한강신도시 반도유보라 4차)"
김포장기커낼,"경기도 김포시 김포한강2로 41 (장기동, E편한세상 캐널시티)"
김포감정DT,경기도 김포시 중봉로 27 (감정동)
김포운양,경기도 김포시 김포한강11로 288-32
김포이마트,경기도 김포시 김포한강7로 71
김포풍무DT,경기도 김포시 풍무로 45 (풍무동)
김포시청,경기도 김포시 사우중로 35 (사우동)
김포장기,"경기도 김포시 김포한강4로 117, 홍우프라자 102~105호 (장기동)"
김포석모DT,"경기도 김포시 양촌읍 김포한강4로301 1,2층"
부천상동역,경기도 부천시 길주로 105 (상동)
스타필드부천,경기도 부천시 옥길동 768 스타필드시티부천 
부천옥길,경기도 부천시 옥길로 118 (옥길동)
부천심곡DT,경기도 부천시 부천로 97 (심곡동)
뉴코아부천4층,경기도 부천시 송내대로 239 (상동)
중동이마트,경기도 부천시 석천로 188 (중동)
부천중동DT,경기도 부천시 부흥로 193 (중동)
부천신중동역,경기도 부천시 길주로 281 (중동) 동화빌딩
역곡역DT,경기도 부천시 경인로 485
부천중동,경기도 부천시 신흥로 161 (중동)
부천시청역,"경기도 부천시 길주로 181, 102,103,104,110,111,112호 (중동)"
현대중동,"경기도 부천시 길주로 180, 현대백화점부천중동점 중동점 지하1층 (중동)"
부천플레이도시,경기도 부천시 조마루로 2 (상동)
송내역,"경기도 부천시 부일로 204, 루치올라빌딩 (상동)"
부천,"경기도 부천시 부천로 7, 1,2층 (심곡동)"
부천상동,경기도 부천시 상동로 87 (상동)
부천중동센트럴,"경기도 부천시 소향로 181 (중동, 센트럴파크 푸르지오)"
춘의역DT,경기도 부천시 길주로 386 (춘의동)
신중동,경기도 부천시 신흥로 187 (중동)
광교갤러리아9F,경기도 수원시 영통구 광교호수공원로 320 (하동)
수원법조타운,경기도 수원시 영통구 광교중앙로248번길 7-2 (하동)
광교역,경기도 수원시 영통구 대학로 47 (이의동)
광교엘포트R,경기도 수원시 영통구 광교중앙로 145 (이의동)
영통R,경기도 수원시 영통구 덕영대로 1566 (영통동)
수원망포DT,경기도 수원시 영통구 덕영대로 1467
수원광교,경기도 수원시 영통구 센트럴타운로 85 (이의동) 광교C1호반베르디움
수원트레이더스,경기도 수원시 영통구 삼성로 2 트레이더스수원점 (신동)
경희대국제캠퍼스,경기도 수원시 영통구 덕영대로 1695 (영통동)
수원망포역,경기도 수원시 영통구 영통로 195 (망포동)
광교이마트,경기도 수원시 영통구 광교로 191(이의동)
수원영통,"경기도 수원시 영통구 봉영로 1617, 훼미리타워 1층 (영통동)"
안산한양대,"경기도 안산시 상록구 성안길 82-3, B동 1층 (사동)"
안산한대앞역,"경기도 안산시 상록구 광덕1로 379, 한남빌딩 1~2층 (이동)"
안산삼성프라자,"경기도 안산시 상록구 광덕1로 342 (이동), 1층 일부"
경기양평,경기도 양평군 양평읍 시민로 75 
더양평DTR,경기도 양평군 양평읍 양근로 76 
용인죽전역R,"경기도 용인시 수지구 용구대로 2750 (죽전동, 죽전 효성해링턴 플레이스)"
죽전단국대,경기도 용인시 수지구 죽전로168번길 18 (죽전동)
수지동천,경기도 용인시 수지구 손곡로 
죽전,경기도 용인시 수지구 현암로 140 (죽전동)
수지성복DT,경기도 용인시 수지구 성복2로 55 (성복동)
광교중앙로,경기도 용인시 수지구 광교마을로 41 (상현동)
죽전CGV,경기도 용인시 수지구 포은대로 536 (죽전동) 8층
죽전이마트,"경기도 용인시 수지구 포은대로 552, 이마트 죽전점 1층 (죽전동)"
신세계경기,경기도 용인시 수지구 포은대로 536 (죽전동) 4층
수지이마트,경기도 용인시 수지구 수지로 203 (신봉동)
수지풍덕천,"경기도 용인시 수지구 수지로296번길 51-11, 비즈마루빌딩 1층 101호 (풍덕천동)"
수지성복역,경기도 용인시 수지구 성복2로 37 (성복동)
파주P.아울렛1F,경기도 파주시 필승로 200 
파주야당역,경기도 파주시 야당동 1066-3
파주금촌역,경기도 파주시 문화로 109 (금촌동)
파주금릉역,"경기도 파주시 금릉역로 84, 청원센트럴타워 1층 (금촌동)"
파주운정,경기도 파주시 와석순환로 135
파주P.아울렛3F,경기도 파주시 탄현면 필승로 200 1312호
파주문산DT,경기도 파주시 파주읍 통일로 1555 (봉서리)
파주산내,경기도 파주시 청암로17번길 29 (목동동)
파주야당DT,경기도 파주시 경의로 966 (야당동)
파주운정이마트,경기도 파주시 한울로 123 (동패동)
지행역,경기도 동두천시 지행로 55 (지행동)
동두천DT,경기도 동두천시 평화로 2254 (지행동)
안산삼성프라자,"경기도 안산시 상록구 광덕1로 342 (이동), 1층 일부"
안산한대앞역,"경기도 안산시 상록구 광덕1로 379, 한남빌딩 1~2층 (이동)"
안산한양대,"경기도 안산시 상록구 성안길 82-3, B동 1층 (사동)"
안산문화광장,"경기도 안산시 단원구 광덕대로 154, ,771-4 로데오타운1층 (고잔동)"
송산그린시티,경기도 화성시 수노을중앙로 136 
안산중앙역,경기도 안산시 단원구 중앙대로 907 (고잔동)
안산중앙,"경기도 안산시 단원구 고잔로 102, 스타타워 1층 (고잔동)"
안산고잔센트럴타워,경기도 안산시 단원구 고잔로 72 (고잔동)
광주운남DT,광주광역시 광산구 임방울대로 156 (운남동)
광주선운DT,광주광역시 광산구 선운로 20번길 63 
광주산정DT,광주광역시 광산구 용아로 342 (산정동)
광주흑석DT,광주광역시 광산구 사암로 367 (산정동)
광주송정역,광주광역시 광산구 상무대로205번길 6 (송정동)
광주수완DT,광주광역시 광산구 임방울대로 487 (수완동)
광주신가DT,광주광역시 광산구 목련로 335 (신가동)
광주쌍암,광주광역시 광산구 첨단중앙로 158 (쌍암동)
광주장덕,광주광역시 광산구 장신로 85 (장덕동)
광주하남,"광주광역시 광산구 사암로216번길 38-16, 1~2층 (우산동)"
광주첨단,광주광역시 광산구 첨단중앙로 104 (월계동)
광산수완,"광주광역시 광산구 장신로 134, 1~2층 (수완동)"
광주비아DT,광주광역시 광산구 첨단과기로 81 (비아동)
광주월산DT,광주광역시 남구 대남대로 386
광주주월DT,광주광역시 남구 회재로 1256 (주월동)
광주효천DT,"광주광역시 남구 임암동 141-3, 143-2"
광주봉선로,광주광역시 남구 제석로 104 (봉선동)
광주서문대로,광주광역시 남구 서문대로 665 (진월동)
광주방림DT,광주광역시 남구 대남대로 67 (방림동)
광주봉선중앙,광주광역시 남구 봉선중앙로 51 (봉선동)
광주진월,광주광역시 남구 서문대로 745 (주월동)
광주봉선,"광주광역시 남구 봉선로 176, 1층 101,111호 (봉선동)"
광주지산DT,광주광역시 동구 필문대로 240
광주동명,광주광역시 동구 동명로 16 (동명동)
광주지원DT,광주광역시 동구 남문로 529 (용산동)
광주지산유원지입구,광주광역시 동구 무등로 592 (산수동)
광주황금,광주광역시 동구 중앙로160번길 14 (황금동)
광주무등산,광주광역시 동구 증심사길 16 (운림동)
충장서림,"광주광역시 동구 충장로 93-5 (금남로2가, 무등맨션)"
광주충장로,광주광역시 동구 충장로 65 (충장로3가)
충장일가,광주광역시 동구 서석로 43 (충장로1가)
조선대,광주광역시 동구 지산로 3 (서석동)
광주오치,광주광역시 북구 설죽로 314 (오치동)
광주연제DT,광주광역시 북구 양일로18번길 2 (연제동)
광주신안DT,광주광역시 북구 서암대로 93 (신안동)
광주매곡DT,광주광역시 북구 설죽로 339 (매곡동)
광주두암타운,광주광역시 북구 삼정로 4 (두암동)
광주일곡,광주광역시 북구 설죽로 518 (일곡동)
광주북구청,광주광역시 북구 서방로9번길 30 (중흥동)
광주첨단신용,광주광역시 북구 첨단연신로 101 (신용동)
광주용두DT,광주광역시 북구 임방울대로 1016 (신용동)
전남대,"광주광역시 북구 우치로 110, 1,2,3층 (용봉동)"
광주용봉,광주광역시 북구 저불로 45 (용봉동)
동광주DT,광주광역시 북구 동문대로 148 (두암동)
광주신세계DT,광주광역시 서구 죽봉대로 33 (화정동)
광주상무DT,광주광역시 서구 상무대로 847 (쌍촌동)
광주화정DT,광주광역시 서구 상무대로 1080
광주상무중앙로,광주광역시 서구 상무중앙로 46 (치평동) 1층
광주상무시민로,광주광역시 서구 운천로 253 (치평동) 103호
광주풍암,광주광역시 서구 풍암2로 8 (풍암동) 한아름빌딩
광주금호DT,광주광역시 서구 운천로 107 (쌍촌동)
광주상무대교,"광주광역시 서구 상무중앙로 90, 눈높이상무센터 1층 (치평동)"
광주동림,"광주광역시 서구 하남대로 672-1, 1층 (동천동)"
신세계광주,광주광역시 서구 무진대로 932 번지 신세계 백화점 1층
광주상무,광주광역시 서구 상무중앙로 75 (치평동)
상무치평,"광주광역시 서구 상무자유로 173, 1층 (치평동)"
상무역,"광주광역시 서구 상무중앙로 7, 1층 (치평동)"
신세계광주신관B1,"광주광역시 서구 죽봉대로 61, 패션스트리트 B01호 (화정동)"
서광주DT,광주광역시 서구 서광주로 23 (매월동)
안산삼성프라자,"경기도 안산시 상록구 광덕1로 342 (이동), 1층 일부"
안산한대앞역,"경기도 안산시 상록구 광덕1로 379, 한남빌딩 1~2층 (이동)"
안산한양대,"경기도 안산시 상록구 성안길 82-3, B동 1층 (사동)"
안산문화광장,"경기도 안산시 단원구 광덕대로 154, ,771-4 로데오타운1층 (고잔동)"
송산그린시티,경기도 화성시 수노을중앙로 136 
안산중앙역,경기도 안산시 단원구 중앙대로 907 (고잔동)
안산중앙,"경기도 안산시 단원구 고잔로 102, 스타타워 1층 (고잔동)"
안산고잔센트럴타워,경기도 안산시 단원구 고잔로 72 (고잔동)
대구영대병원역DT,대구광역시 남구 봉덕로 25 (봉덕동)
대구앞산DT,대구광역시 남구 현충로 32 (대명동)
대구가톨릭대학교병원,대구광역시 남구 두류공원로17길 33 (대명동)
계명대동산병원,대구광역시 달서구 달구벌대로 1035 (신당동)
대구죽전역,대구광역시 달서구 와룡로 169 
대구월곡DT,대구광역시 달서구 월곡로 225 (상인동)
대구광장,대구광역시 달서구 달구벌대로 1710 (두류동)
대구월촌역,대구광역시 달서구 월배로 315 (송현동)
대구진천역,대구광역시 달서구 월배로 91 (진천동)
대구도원DT,대구광역시 달서구 상화로 314 (도원동)
대구월성,대구광역시 달서구 조암로 41 (월성동)
대구수목원,대구광역시 달서구 화암로 379
대구성서IC DT,대구광역시 달서구 달구벌대로 1393
대구감삼DT,대구광역시 달서구 와룡로 131 
대구상인역,대구광역시 달서구 월배로 210 (상인동)
대구두류DT,대구광역시 달서구 달구벌대로 1798 (두류동)
대구상인DT,대구광역시 달서구 월곡로 334 (상인동)
대구계명대,대구광역시 달서구 계대동문로 13 (신당동)
대구성서,"대구광역시 달서구 이곡공원로 26, 이곡메디컬빌딩 (이곡동)"
대구서부정류장역,대구광역시 달서구 구마로 265 (성당동)
신세계대구3F(티바나),대구광역시 동구 동부로 149 신세계백화점 대구점 3층
신세계대구8FR,대구광역시 동구 동부로 149 신세계백화점 대구점 8층
동대구로DT,대구광역시 동구 동대구로 422 (신천동)
대구팔공산,대구광역시 동구 파계로 650
대구봉무,대구광역시 동구 팔공로51길 15-11 (봉무동)
동대구터미널,대구광역시 동구 동부로30길 12 (신천동)
대구동촌유원지,대구광역시 동구 효동로2길 45 (효목동)
반야월이마트,"대구광역시 동구 안심로 389-2, 이마트 1층 (신서동)"
대구율하,대구광역시 동구 안심로16길 47 (율하동)
대구각산역DT,대구광역시 동구 안심로 383 
대구평리DT,대구광역시 서구 서대구로 89 (평리1동)
대구수성도서관DT,대구광역시 수성구 화랑로 112 (만촌동)
대구그랜드호텔R,대구광역시 수성구 동대구로 305 (범어동)
국립대구박물관DT,대구광역시 수성구 청호로 318 (황금동)
대구수성호수R,대구광역시 수성구 용학로 56 (두산동)
대구수성동,대구광역시 수성구 명덕로 460 (수성동3가)
대구수성네거리DT,대구광역시 수성구 들안로 342 (수성동4가)
대구중동DT,대구광역시 수성구 수성로 243 (중동)
대구중동네거리DT,대구광역시 수성구 청수로 51 (중동)
대구상동DT,대구광역시 수성구 무학로 29(상동)
대구황금DT,대구광역시 수성구 청수로 164 (지산동)
대구삼성화재,대구광역시 수성구 동대구로 401 (범어동) 삼성화재사옥
대구시지,대구광역시 수성구 달구벌대로 3216 (신매동)
대구만촌DT,"대구광역시 수성구 달구벌대로 2636, , 853-25번지 (만촌동)"
대구수성하이츠,"대구광역시 수성구 수성로 393, 수성하이츠 1층 (수성동4가)"
동아수성,"대구광역시 수성구 지범로 191, 동아백화점수성점 1,2 층 (범물동)"
수성리더스,대구광역시 수성구 동대구로 95 (두산동)
수성레이크,대구광역시 수성구 수성못길 4 (두산동)
대구범어제니스,"대구광역시 수성구 달구벌대로 2435, 두산위브더제니스아파트 상가 1층 110호 (범어동)"
대구들안길DT,대구광역시 수성구 들안로 85 (상동)
대구만촌이마트,대구광역시 수성구 동원로 136 (만촌동)
대구시티센터,대구광역시 중구 국채보상로 611 (문화동)
대구계산,대구광역시 중구 달구벌대로415길 1 (계산동2가)
대구중앙로역,대구광역시 중구 국채보상로 582 (남일동)
대구공평DT,대구광역시 중구 국채보상로 642 (동인동2가)
반월당,대구광역시 중구 달구벌대로 2085 (덕산동) 동아쇼핑
동성로광장,대구광역시 중구 동성로 4 (동성로3가)
동성로중앙,대구광역시 중구 동성로5길 38 (삼덕동1가)
동성로로데오,대구광역시 중구 동성로5길 62 (삼덕동1가)
대구반월삼성,대구광역시 중구 달구벌대로 2095 (덕산동)
대구228중앙공원,대구 중구 동성로2길 95 
대구칠성DT,대구광역시 북구 중앙대로 524 (칠성동2가)
대구유통단지,대구광역시 북구 유통단지로8길 78 106호 (산격동)
대구칠곡대로DT,대구광역시 북구 칠곡중앙대로 348 (태전동)
대구동천,대구광역시 북구 동천로 123
대구침산DT,대구광역시 북구 침산로 126 (침산동)
대구칠곡,대구광역시 북구 학정로 422 (구암동) 태을빌딩
경북대,대구광역시 북구 대학로 75 (산격동)
대구칠성이마트,대구광역시 북구 침산로 93 (칠성동2가)
대구테크노폴리스,"대구광역시 달성군 유가면 테크노상업로 84 대경타워 105호, 106호, 107호"
대구죽곡,대구광역시 달성군 달구벌대로 861 (다사읍)
안산삼성프라자,"경기도 안산시 상록구 광덕1로 342 (이동), 1층 일부"
안산한대앞역,"경기도 안산시 상록구 광덕1로 379, 한남빌딩 1~2층 (이동)"
안산한양대,"경기도 안산시 상록구 성안길 82-3, B동 1층 (사동)"
안산문화광장,"경기도 안산시 단원구 광덕대로 154, ,771-4 로데오타운1층 (고잔동)"
송산그린시티,경기도 화성시 수노을중앙로 136 
안산중앙역,경기도 안산시 단원구 중앙대로 907 (고잔동)
안산중앙,"경기도 안산시 단원구 고잔로 102, 스타타워 1층 (고잔동)"
안산고잔센트럴타워,경기도 안산시 단원구 고잔로 72 (고잔동)
대전한남대DT,대전광역시 대덕구 한밭대로 1122 (중리동)
대전IC DT,대전광역시 대덕구 동서대로 1776 (비래동)
대전신탄진DT,대전광역시 대덕구 대덕대로 1544 (석봉동)
대전송촌,"대전광역시 대덕구 송촌북로36번길 36, 1층 (송촌동)"
신탄진금강DT,대전광역시 대덕구 신탄진로 866 (신탄진동)
대전터미널DT,대전광역시 동구 동서대로 1658 (성남동)
대전판암DT,대전광역시 동구 옥천로 118 (판암동)
대전스타일마켓,"대전광역시 동구 동서대로 1689, 2층 (용전동)"
대전가오,대전광역시 동구 동구청로 101 (가오동)
대전터미널,대전광역시 동구 동서대로1695번길 4 (용전동)
대전정부청사역,대전광역시 서구 한밭대로 755 (둔산동)
대전건양대병원,대전광역시 서구 관저동로 170 (관저동)1층
대전탄방역,대전광역시 서구 문정로2번길 95 (탄방동)
대전복수,대전광역시 서구 복수남로 28 (복수동)
대전둔산남로,대전광역시 서구 둔산남로 100 (탄방동)
대전둔산로,대전광역시 서구 대덕대로241번길 35 (둔산동)
대전법원,대전광역시 서구 둔산로123번길 43 (둔산동)
대전가수원DT,대전광역시 서구 계백로 1128 (가수원동)
대전수침교DT,대전광역시 서구 계룡로 692 (용문동)
대전관저,대전광역시 서구 관저로 142 (관저동)
대전대덕로,대전광역시 서구 대덕대로234번길 18 (둔산동)
대전목원대,대전광역시 서구 동서대로 682 (도안동)
대전둔산,대전광역시 서구 대덕대로 189 (둔산동)
대전만년,대전광역시 서구 만년로 81 (만년동)
대전시청사거리,대전광역시 서구 둔산남로 50 (탄방동)
대전월평,대전광역시 서구 청사로123번길 25 (월평동)
둔산은하수,"대전광역시 서구 둔산로31번길 28, 금정빌딩 1층 (둔산동)"
대전탄방,"대전광역시 서구 문정로 78, 정우빌딩 1층 (탄방동)"
대전시청역,대전광역시 서구 둔산로 142 (둔산동)
대전호텔,"대전광역시 서구 둔산중로134번길 13, 둔산관광호텔 (둔산동)"
월평트레이더스,대전광역시 서구 한밭대로 580 (월평동)
대전용문DT,대전광역시 서구 도산로 336 (용문동)
대전반석역,대전광역시 유성구 북유성대로 303 (반석동)
대전도안DT,대전광역시 유성구 도안대로 573 (봉명동)
대전장대,대전광역시 유성구 유성대로 781 (장대동)
대전유성구청,대전광역시 유성구 어은로 42 (어은동)
대전지족,대전광역시 유성구 지족로 373 (지족동)
대전유성,대전광역시 유성구 온천서로 2 (봉명동)
대전전민,대전광역시 유성구 유성대로 1722 (전민동)
대전관평동,대전광역시 유성구 테크노중앙로 68
대전조이마루,대전광역시 유성구 엑스포로 97번길 40
대전노은,"대전광역시 유성구 은구비남로33번길 26, 1~2층 (지족동)"
충남대정문,대전광역시 유성구 대학로 82 (궁동)
대전테크노밸리,대전광역시 유성구 테크노4로 105 (관평동)
신세계대전R,"대전광역시 유성구 엑스포로 1 (도룡동), 대전신세계 백화점 5F"
대전현대아울렛,대전광역시 유성구 테크노중앙로 123(용산동) 현대프리미엄아울렛 1층
대전구암DT,대전광역시 유성구 월드컵대로289번길 6 (구암동)
신세계대전B1,"대전광역시 유성구 엑스포로 1 (도룡동), 대전신세계 백화점 B1층"
대전엑스포스카이,대전광역시 유성구 엑스포로 1 (도룡동) 신세계엑스포점 38층
대전대사DT,대전광역시 중구 계룡로 949 (대사동)
대전태평,대전광역시 중구 태평로 71 (태평동)
대전유천DT,대전광역시 중구 계백로 1604 (유천동)
대전중앙로R,대전광역시 중구 대종로 486 (은행동)
대전세이1층,"대전광역시 중구 계백로 1700, 외 4필지 세이백화점 신관 (문화동)"
은행동,대전광역시 중구 중앙로 164 (은행동)
대전세이,"대전광역시 중구 계백로 1700, 5층 (문화동)"
안산삼성프라자,"경기도 안산시 상록구 광덕1로 342 (이동), 1층 일부"
안산한대앞역,"경기도 안산시 상록구 광덕1로 379, 한남빌딩 1~2층 (이동)"
안산한양대,"경기도 안산시 상록구 성안길 82-3, B동 1층 (사동)"
안산문화광장,"경기도 안산시 단원구 광덕대로 154, ,771-4 로데오타운1층 (고잔동)"
송산그린시티,경기도 화성시 수노을중앙로 136 
안산중앙역,경기도 안산시 단원구 중앙대로 907 (고잔동)
안산중앙,"경기도 안산시 단원구 고잔로 102, 스타타워 1층 (고잔동)"
안산고잔센트럴타워,경기도 안산시 단원구 고잔로 72 (고잔동)
금정남산동DT,부산광역시 금정구 중앙대로 1989 (남산동)
금정구청DT,부산광역시 금정구 중앙대로 1730 (부곡동)
온천장역DT,부산광역시 금정구 식물원로 13 (장전동)
부산외대,부산광역시 금정구 금샘로 459
부산대정문,부산광역시 금정구 부산대학로64번길 12 (장전동)
부산대역,"부산광역시 금정구 장전로12번길 64, 1~4층 (장전동)"
부산대,"부산광역시 금정구 금정로68번길 2, 건우빌딩 (장전동)"
금정이마트,부산광역시 금정구 중앙대로1841번길 24 (구서동)
금정구서,부산광역시 금정구 금강로 441 (구서동)
용호동W스퀘어,"부산광역시 남구 분포로 145 (용호동) 더블유스퀘어동 1019호,1020호,1021호,2011호 2012호"
동명대DT,부산광역시 남구 신선로 423 (용당동)
BIFC Mall,부산광역시 남구 문현금융로 40 (문현동) 부산국제금융센터
대연힐스테이트,부산광역시 남구 수영로 345 대연힐스테이트 115동 121호
부산대연역,"부산광역시 남구 수영로 240-1, 1층 (대연동)"
경성대,부산광역시 남구 수영로 312 (대연동)
부산대연못골,부산광역시 남구 못골로 87 (대연동)
부산역라마다,부산광역시 동구 중앙대로196번길 10 (초량동)
부산역아스티,부산광역시 동구 중앙대로214번길 7-8 (초량동)
부산역,부산광역시 동구 중앙대로 216 (초량동)
범일동일타워,부산광역시 동구 조방로 14 (범일동)
서면중앙대로R,부산광역시 부산진구 중앙대로 672 (부전동) 1층 2층
서면로R,부산광역시 부산진구 서면로 49-1 (부전동)
서면NC,부산광역시 부산진구 동천로 92 (전포동) NC백화점 1층
양정역,부산광역시 부산진구 중앙대로 894 (양정동)
동의대역,부산광역시 부산진구 가야대로 589 (가야제1동)
부산개금역,부산광역시 부산진구 가야대로 462 (개금동)
서면전포역,부산광역시 부산진구 전포대로199번길 27 (전포동)
부산서면중앙로,부산광역시 부산진구 중앙대로 701 (부전동)
서면서전로,부산광역시 부산진구 서전로 19 (부전동)
부산서면,부산광역시 부산진구 중앙대로692번길 46-10 (부전동)
서면역,부산광역시 부산진구 서전로 1 (부전동)
부전역,"부산광역시 부산진구 중앙대로 777, 서면호텔 복합시설1,2층 (부전동)"
서면센트럴스퀘어,부산광역시 부산진구 중앙대로666번길 50 (부전동)
서면메디컬거리,"부산광역시 부산진구 가야대로 783-1, 1층 (부전동)"
서면중앙,부산광역시 부산진구 서면로68번길 1 (부전동)
서면트레이더스,부산광역시 부산진구 시민공원로 31 (부암동)
서면엠디엠타워,부산광역시 부산진구 중앙대로 639 (범천동)
서면문화로,부산광역시 부산진구 서면문화로 10 (부전동)
부산덕천역,부산광역시 북구 만덕대로 30 (덕천동)
부산화명역,부산광역시 북구 금곡대로285번길 5 (화명동)
화명강변DT,부산광역시 북구 금곡대로77 (덕천동)
부산만덕DT,부산광역시 북구 만덕대로 323 (만덕동)
사상주례DT,부산광역시 사상구 백양대로 520 (주례동)
동서대DT,부산광역시 사상구 가야대로 338 (주례동)
사상역,부산광역시 사상구 사상로 211 (괘법동)
사상엄궁DT,부산광역시 사상구 낙동대로 744 (엄궁동)
다대포비치,부산광역시 사하구 다대로 714 (다대동)
부산하단,부산광역시 사하구 낙동대로 455 (하단동)
다대포DT,부산광역시 사하구 다대로 493 (다대동)
을숙도강변DT,부산광역시 사하구 하신번영로 381-6 (하단동)
부산동아대,부산광역시 사하구 낙동대로550번길 14 (하단동) 1~3층
부산괴정역,부산광역시 사하구 사하로186번길 6 (괴정동)
하단중앙,부산광역시 사하구 낙동남로 1411 (하단동)
사하장림DT,부산광역시 사하구 을숙도대로 682 (장림동)
부산교대역DT,부산광역시 연제구 중앙대로 1250 (거제동)
연산시티타워,부산광역시 연제구 중앙대로 1125 (연산동)
부산교대역,부산광역시 연제구 명륜로 3 (거제제1동) 한양프라자
부산연산역,부산광역시 연제구 반송로 20 (연산동)
연산중앙로,부산광역시 연제구 중앙대로 1091 (연산동)
부산교대,부산광역시 연제구 교대로 20-2 (거제동)
연산트레이더스,부산광역시 연제구 좌수영로 241 연산동
영도대교,부산광역시 영도구 태종로 39 (대교동1가)
부산광복로R,부산광역시 중구 광복중앙로 8-2 (광복동3가)
자갈치역,부산광역시 중구 구덕로 54-1 (남포동5가)
국제시장,부산광역시 중구 대청로 80 (대청동3가)
부산중앙역,부산광역시 중구 중앙대로81번길 2 (중앙동4가)
BIFF광장,부산광역시 중구 비프광장로 25 (남포동3가)
남포동역,"부산광역시 중구 구덕로 4, 1~2층 (광복동1가)"
기장역DT,부산광역시 기장군 기장읍 기장대로 527 
동부산DT,부산광역시 기장군 기장읍 기장해안로 56 
부산정관,부산광역시 기장군 정관읍 정관로 579 
부산P.아울렛,부산광역시 기장군 정관로 1133 (175호)
동부산테마파크,부산광역시 기장군 기장읍 동부산관광로 34 
광안수변공원,부산광역시 수영구 민락수변로 29 (민락동)
수영역,부산광역시 수영구 수영로 671 (광안동)
금련산역,부산광역시 수영구 수영로464번길 6 (남천동)
광안비치,부산광역시 수영구 광안로62번길 39 (광안동)
수영망미DT,부산광역시 수영구 과정로 68 (망미동)
광안리,부산광역시 수영구 광안해변로 247 (민락동)
남천,부산광역시 수영구 남천바다로 38 (남천동)
스타필드명지,부산광역시 강서구 명지국제6로 168 스타필드 명지 1층
명지강변DT,부산광역시 강서구 르노삼성대로 620 (명지동)
명지국제신도시,부산광역시 강서구 명지국제5로 42 (명지동)
명지오션시티,부산광역시 강서구 명지오션시티11로 66 (명지동)
명지퍼스트월드,"부산광역시 강서구 명지국제7로 37 (명지동, 더샵 명지퍼스트월드 2단지)"
동래역,부산광역시 동래구 충렬대로181번길 42 
명륜역,부산광역시 동래구 동래로 25 
사직구장,부산광역시 동래구 사직북로 4 (사직동)
부산안락DT,부산광역시 동래구 충렬대로 446 (안락동)
동래미남DT,부산광역시 동래구 충렬대로 101 (온천동)
부산사직,부산광역시 동래구 사직북로 24 (사직동)
부산온천장역,"부산광역시 동래구 중앙대로 1523, SK허브스카이위아아파트 1층 (온천동)"
부산송도해수욕장,"부산광역시 서구 송도해변로 97(101,102,201) (암남동)"
부민사거리,부산광역시 서구 구덕로 212 (부민동1가)
부산동대신역,부산광역시 서구 구덕로322번길 7 (동대신동3가)
더해운대R,"부산광역시 해운대구 해운대해변로 197 (우동, 해운대경동제이드아파트)"
수영강변DT,부산광역시 해운대구 수영강변대로 516 (반여동)
센텀파크,"부산광역시 해운대구 센텀중앙로 145 (재송동, 더샵센텀파크1차아파트)"
해운대역,부산광역시 해운대구 구남로 9 (우동)
부산재송DT,부산광역시 해운대구 해운대로 189 (재송동)
해운대,부산광역시 해운대구 구남로 49 (중동) 101호
센텀로,부산광역시 해운대구 센텀2로 10 (우동) 센텀메디컬센타 1층 스타벅스 센텀로점
센텀신세계B1,부산광역시 해운대구 센텀남대로 35 (우동) 센텀시티 신세계UEC
해운대달맞이DT,부산광역시 해운대구 달맞이길 57 (중동) 1~3층
센텀그린타워,부산광역시 해운대구 센텀중앙로 78 (우동)
부산송정비치,부산광역시 해운대구 송정해변로 36 (송정동)
장산역,부산광역시 해운대구 해운대로 802 (좌동)
하버타운,부산광역시 해운대구 해운대해변로 257 (우동)
벡스코,"부산광역시 해운대구 APEC로 55, 벡스코내 (우동)"
베네시티,부산광역시 해운대구 해운대해변로 163 (우동)
팔레드시즈,"부산광역시 해운대구 해운대해변로298번길 24, 팔래드시즈 1-3호, 2-3호 (중동)"
블루스퀘어,부산광역시 해운대구 좌동로 96 (좌동)
센텀시티역,"부산광역시 해운대구 센텀동로 9, 트럼프월드센텀아파트 1층 (우동)"
제니스스퀘어,"부산광역시 해운대구 마린시티2로 33, 제니스스퀘어 (우동)"
신세계마린시티,부산광역시 해운대구 마린시티2로 38 (우동)
해운대달맞이,부산광역시 해운대구 달맞이길 189 (중동)
해운대이마트,부산광역시 해운대구 좌동순환로 511 (중동) 1층
센텀드림월드,"부산광역시 해운대구 센텀2로 25, 센텀드림월드 1층 (우동)"
센텀KNN,부산광역시 해운대구 센텀서로 30 (우동)
월드마크센텀,"부산광역시 해운대구 센텀동로 25, 1층 (우동)"
해운대NC,부산광역시 해운대구 해운대로 813 (좌동)
해운대좌동,부산광역시 해운대구 좌동순환로 178 (좌동)
해운대 엑스더스카이,부산광역시 해운대구 달맞이길30 
센텀신세계3F,부산광역시 해운대구 센텀남대로 35 (우동)
해운대중동역,부산광역시 해운대구 좌동순환로 6 (중동)
센텀몰1F,부산광역시 해운대구 센텀4로 15 (우동)
그랜드조선 부산,부산광역시 해운대구 해운대해변로 292 (중동)
안산삼성프라자,"경기도 안산시 상록구 광덕1로 342 (이동), 1층 일부"
안산한대앞역,"경기도 안산시 상록구 광덕1로 379, 한남빌딩 1~2층 (이동)"
안산한양대,"경기도 안산시 상록구 성안길 82-3, B동 1층 (사동)"
안산문화광장,"경기도 안산시 단원구 광덕대로 154, ,771-4 로데오타운1층 (고잔동)"
송산그린시티,경기도 화성시 수노을중앙로 136 
안산중앙역,경기도 안산시 단원구 중앙대로 907 (고잔동)
안산중앙,"경기도 안산시 단원구 고잔로 102, 스타타워 1층 (고잔동)"
안산고잔센트럴타워,경기도 안산시 단원구 고잔로 72 (고잔동)
울산번영로,울산광역시 남구 삼산로 182 (달동)
울산대공원,울산광역시 남구 대공원입구로 4 (옥동)
울산도산사거리DT,울산광역시 남구 대암로129번길 9-6 (야음동)
울산시청사거리DT,울산광역시 남구 중앙로 180 (달동)
울산남구청DT,울산광역시 남구 번영로 215 (신정동)
울산중리사거리DT,울산광역시 남구 돋질로 310 (삼산동)
울산옥동,울산광역시 남구 문수로 329 (옥동)
울산센트럴,울산광역시 남구 삼산로 231 (달동)
울산삼산타워,울산광역시 남구 삼산로 273 (삼산동) 삼산타워
울산삼산로,울산광역시 남구 삼산로 278 번길 8 (삼산동)
울산대,울산광역시 남구 대학로84번길 5-3 (무거동)
울산디자인거리,"울산광역시 남구 삼산중로74번길 30-1, 1~2층 (삼산동)"
울산신복,울산광역시 남구 대학로 152 (무거동)
울산삼산대로,"울산광역시 남구 삼산로 257, 1층 (달동)"
울산신정DT,울산광역시 남구 문수로 435 (신정동)
울산호계DT,울산광역시 북구 산업로 1464 (신천동)
울산북구청DT,울산광역시 북구 산업로 1011 (연암동)
울산진장,울산광역시 북구 진장17길 10 (진장동)
울산정자비치DT,울산광역시 북구 동해안로 1601 (산하동)
울산화봉,울산광역시 북구 화봉로 75 (화봉동)
울산간절곶,울산광역시 울주군 서생면 대송리 25-18
울산MBC DT,울산광역시 중구 번영로 434 (복산동)
울산성안,울산광역시 중구 성안12길 45 (성안동)
울산성남삼거리,울산광역시 중구 젊음의2거리 33 (성남동)
울산성남동,울산광역시 중구 젊음의거리 74 (성남동)
울산국가정원,울산광역시 중구 태화강국가정원길 205 (태화동)
현대동구,울산광역시 동구 방어진순환도로 899 (서부동) 현대백화점주차장
울산테라스파크,울산광역시 동구 방어진순환도로 652 (일산동)
울산대학교병원,울산광역시 동구 방어진순환도로 879 (서부동)
현대동구5F,울산광역시 동구 방어진순환도로 899 (서부동)
안산삼성프라자,"경기도 안산시 상록구 광덕1로 342 (이동), 1층 일부"
안산한대앞역,"경기도 안산시 상록구 광덕1로 379, 한남빌딩 1~2층 (이동)"
안산한양대,"경기도 안산시 상록구 성안길 82-3, B동 1층 (사동)"
안산문화광장,"경기도 안산시 단원구 광덕대로 154, ,771-4 로데오타운1층 (고잔동)"
송산그린시티,경기도 화성시 수노을중앙로 136 
안산중앙역,경기도 안산시 단원구 중앙대로 907 (고잔동)
안산중앙,"경기도 안산시 단원구 고잔로 102, 스타타워 1층 (고잔동)"
안산고잔센트럴타워,경기도 안산시 단원구 고잔로 72 (고잔동)
인천강화DT,인천광역시 강화군 강화읍 강화대로 343 
경인교대입구역DT,인천광역시 계양구 계양대로 131 (작전동)
인천계양,인천광역시 계양구 장제로 808 (계산동)
인천작전,"인천광역시 계양구 계양대로 37, 1층 (작전동)"
인천계산역DT,인천광역시 계양구 경명대로 1105 (계산동)
인천학익DT,인천광역시 미추홀구 매소홀로 368 (학익동)
인천용현DT,인천광역시 미추홀구 아암대로 107 (용현동)
주안역,"인천광역시 미추홀구 주안로 100 (주안동) 1층,2층"
인하대,인천광역시 미추홀구 인하로 59 (용현동)
제물포역DT,인천광역시 미추홀구 경인로 103 (숭의동)
인천주안DT,인천광역시 미추홀구 인주대로 443 (주안동)
인하대역,인천광역시 미추홀구 독배로 309 (용현동)
SSG랜더스필드2F,인천광역시 미추홀구 매소홀로 618 (문학동)
SSG랜더스필드1F,인천광역시 미추홀구 매소홀로 618 (문학동)
인천용일사거리DT,인천광역시 미추홀구 한나루로 525 (주안동)
송림트레이더스,"인천광역시 동구 봉수대로 82, 이마트 트레이더스송림점1층 (송림동)"
인천갈산DT,인천광역시 부평구 장제로 371 (갈산동)
인천삼산,인천광역시 부평구 길주로 643 (삼산동)
부평사거리,"인천광역시 부평구 부평문화로 52, 1~2층 (부평동)"
부평시장역,"인천광역시 부평구 부평대로 60, 현대해상화재보험 1층 (부평동)"
부평,인천광역시 부평구 경원대로 1397 (부평동)
동암역,"인천광역시 부평구 동암광장로 14, 1~2층 (십정동)"
부평역,"인천광역시 부평구 경원대로 1377, 1-4층 (부평동)"
부평GM,인천광역시 부평구 부평대로 233 (청천동)
인천스퀘어원,인천광역시 연수구 청능대로 210 (동춘동)
인천동춘DT,인천광역시 연수구 앵고개로 171 (동춘동)
인천송도,"인천광역시 연수구 컨벤시아대로 55 (송도동, 송도이안)"
송도트리플R,인천광역시 연수구 송도과학로16번길 33-1 (송도동)
인천송도DT,인천광역시 연수구 하모니로 136 (송도동)
인천연수,"인천광역시 연수구 용담로 115 (연수동) 105,106,203호"
송도캠퍼스타운역,인천광역시 연수구 송도과학로27번길 55 (송도동) 롯데캠퍼스타운
송도커넬워크,인천광역시 연수구 아트센터대로 131 (송도동)
송도센트럴파크,인천광역시 연수구 센트럴로 194 (송도동)
연수이마트,인천광역시 연수구 경원대로 184 (동춘동)
송도캐슬파크,인천광역시 연수구 인천타워대로132번길 9 (송도동)
송도현대아울렛,인천광역시 연수구 송도국제대로 123 (송도동)
송도컨벤시아대로DT,인천광역시 연수구 벤처로 10 (송도동)
검단사거리역,인천광역시 서구 완정로 172 (마전동)
인천청라센트럴,"인천광역시 서구 청라커낼로 300 (청라동, 청라센트럴에일린의뜰)"
인천청라한신,인천광역시 서구 청라커낼로260번길 27 (청라동)
인천당하DT,인천광역시 서구 원당대로 668 (당하동)
인천청라타워돔,인천광역시 서구 중봉대로 612번길 10-17
인천서구청DT,인천광역시 서구 서곶로 277 (심곡동)
인천청라,인천광역시 서구 중봉대로 586번길 19
인천청라DT,인천광역시 서구 국제대로 237 (청라동)
부평삼거리역DT,인천광역시 남동구 경인로 750 (간석동)
인천구월아시아드,인천광역시 남동구 인하로 556 (구월동)
인천터미널사거리,인천광역시 남동구 예술로 126 (구월동)
인천서창,"인천광역시 남동구 서창남로 51 (서창동) 101,102,103호"
인천간석DT,인천광역시 남동구 경원대로 974 (간석동)
인천예술회관역,인천광역시 남동구 예술로 174 (구월동) 흥국생명
구월로데오,"인천광역시 남동구 인하로 497-22, 2층 (구월동)"
구월길병원,"인천광역시 남동구 남동대로 773, , 14 삼성화재 인천사옥 (구월동)"
인천구월,"인천광역시 남동구 예술로 138 (구월동) 101,102,111,201,209호 일부,210호 일부"
인천논현,"인천광역시 남동구 논고개로 93, 111,112, 206, 207호 (논현동)"
간석중앙공원DT,인천광역시 남동구 경인로 563 (간석동)
영종하늘도시,인천광역시 중구 하늘중앙로195번길 15 (중산동)
인천공항T2출국,인천광역시 중구 공항로 272 (운서동)
인천공항T2에어,인천광역시 중구 공항로 272 (운서동) 제2여객터미널 3층 탑승지역 25-235
인천공항T2입국,인천광역시 중구 공항로 272 (운서동) 제2여객터미널 1층 환영홀지역 23-202
영종도운서역,인천광역시 중구 신도시남로142번길 17 (운서동)
인천공항중앙,인천광역시 중구 공항로 272 (운서동) 인천국제공항여객터미널 FB-P5-73
인천공항랜드,인천광역시 중구 공항로 272 (운서동) 인천공항
안산삼성프라자,"경기도 안산시 상록구 광덕1로 342 (이동), 1층 일부"
안산한대앞역,"경기도 안산시 상록구 광덕1로 379, 한남빌딩 1~2층 (이동)"
안산한양대,"경기도 안산시 상록구 성안길 82-3, B동 1층 (사동)"
안산문화광장,"경기도 안산시 단원구 광덕대로 154, ,771-4 로데오타운1층 (고잔동)"
송산그린시티,경기도 화성시 수노을중앙로 136 
안산중앙역,경기도 안산시 단원구 중앙대로 907 (고잔동)
안산중앙,"경기도 안산시 단원구 고잔로 102, 스타타워 1층 (고잔동)"
안산고잔센트럴타워,경기도 안산시 단원구 고잔로 72 (고잔동)
동해DT,강원도 동해시 중앙로 219 (천곡동)
설악쏘라노,강원도 속초시 미시령로2983번길 111 (장사동)
속초DT,강원도 속초시 동해대로 4114 (조양동)
속초중앙로,강원도 속초시 중앙로 123 (금호동)
춘천구봉산R,강원도 춘천시 동면 순환대로 1154-63 
춘천후평DT,강원도 춘천시 후석로 318 (후평동)
춘천석사DT,강원도 춘천시 후석로 13 (석사동)
춘천명동,강원도 춘천시 중앙로 57 (중앙로2가)
춘천이마트,강원도 춘천시 경춘로 2353 (온의동) E-마트 춘천점내 1층
강원대,강원도 춘천시 서부대성로 243-1 (효자동)
춘천퇴계DT,강원도 춘천시 안마산로 95 (퇴계동)
춘천온의,강원도 춘천시 방송길 104 (온의동)
비발디파크,강원도 홍천군 서면 한치골길 262 
오션월드,강원도 홍천군 서면 한치골길 262 
강릉송정DT,강원도 강릉시 경강로 2400 (송정동)
강릉강문해변,강원도 강릉시 창해로350번길 3 (강문동)
강릉교동광장,강원도 강릉시 교동광장로 114 (교동)
강릉중앙로,강원도 강릉시 경강로 2096 (임당동)
강릉안목항,강원도 강릉시 창해로14번길 40 (견소동)
소노델피노,강원도 고성군 토성면 미시령옛길 1153
원주반곡DT,강원도 원주시 동부순환로 37 (반곡동)
원주명륜DT,강원도 원주시 남원로 588 (명륜동)
원주무실,강원도 원주시 능라동길 73 (무실동)
원주혁신도시,강원도 원주시 혁신로 61 (반곡동)
원주터미널,강원도 원주시 서원대로 178 (단계동)
안산삼성프라자,"경기도 안산시 상록구 광덕1로 342 (이동), 1층 일부"
안산한대앞역,"경기도 안산시 상록구 광덕1로 379, 한남빌딩 1~2층 (이동)"
안산한양대,"경기도 안산시 상록구 성안길 82-3, B동 1층 (사동)"
안산문화광장,"경기도 안산시 단원구 광덕대로 154, ,771-4 로데오타운1층 (고잔동)"
송산그린시티,경기도 화성시 수노을중앙로 136 
안산중앙역,경기도 안산시 단원구 중앙대로 907 (고잔동)
안산중앙,"경기도 안산시 단원구 고잔로 102, 스타타워 1층 (고잔동)"
안산고잔센트럴타워,경기도 안산시 단원구 고잔로 72 (고잔동)
김해구산DT,경상남도 김해시 김해대로 1918 (구산동)
김해진영DT,경상남도 김해시 진영읍 여래로20번길 34-26 
신세계김해R,경상남도 김해시 김해대로 2232 신세계백화점 1층
김해이마트,경상남도 김해시 김해대로 2232 김해이마트 1층
김해인제대,경상남도 김해시 인제로 168 (어방동)
김해대로DT,경상남도 김해시 김해대로 2465 
김해외동DT,경상남도 김해시 분성로 146 (외동)
김해율하,경상남도 김해시 율하카페길 77 (관동동) 1층
김해삼계,경상남도 김해시 가야로 182 (삼계동)
김해내동,경상남도 김해시 경원로 67 (내동)
김해율하신도시,경상남도 김해시 율하3로 32 (율하동)
김해금관대로DT,경상남도 김해시 금관대로 1293 (내동)
밀양DT,경상남도 밀양시 밀양대로 1792 (삼문동)
경남사천DT,경상남도 사천시 사천읍 사천대로 1844
사천벌리,경상남도 사천시 주공로 31 (벌리동)
진주평거,경상남도 진주시 진양호로 206 BYC빌딩1층
진주칠암DT,경상남도 진주시 진주대로829번길 2 (주약동)
진주중안,경상남도 진주시 진양호로527번길 3 (중안동)
진주신안,경상남도 진주시 진양호로 353 (신안동)
진주경상대,경상남도 진주시 진주대로 510 (가좌동)
진주혁신도시,경상남도 진주시 에나로127번길 30 (충무공동)
마산회원DT,경상남도 창원시 마산회원구 3·15대로 518 (회원동)
창원상남로,경상남도 창원시 성산구 상남로 88 (상남동)
마산역DT,경상남도 창원시 마산회원구 3·15대로 715 (석전동)
마산해안대로DT,경상남도 창원시 마산합포구 해안대로 383 (오동동)
진해자은DT,경상남도 창원시 진해구 진해대로 962 (자은동)
창원역DT,경상남도 창원시 의창구 의창대로 68 (팔용동)
창원호계DT,경상남도 창원시 마산회원구 내서읍 호원로 315 
창원마창대교,경상남도 창원시 성산구 삼귀로 159 (귀곡동)
삼성창원병원,경상남도 창원시 마산회원구 팔용로 158 (합성동)
마산터미널,경상남도 창원시 마산회원구 합성남로 6-1 (합성동)
창원상남사거리,경상남도 창원시 성산구 단정로 25
진해용원,경상남도 창원시 진해구 안골로 336 (용원동) 형제빌딩
창원팔용,경상남도 창원시 의창구 팔용로 419 (팔용동)
창원리베라,경상남도 창원시 성산구 중앙대로100번길 9 (상남동)
창원상남중앙,경상남도 창원시 성산구 마디미로 20 (상남동)
창원상남동R,경상남도 창원시 성산구 상남로 132 (상남동)
신세계마산,경상남도 창원시 마산합포구 합포로 251 (산호동) 신세계백화점 내 지하1층
창원시티세븐,경상남도 창원시 성산구 원이대로 332 (대원동)
경남대,경상남도 창원시 마산합포구 월영남로 3 (해운동)
창원용지호수,경상남도 창원시 성산구 용지로169번길 1 (용호동)
마산월남동DT,경상남도 창원시 마산합포구 3·15대로 70 (월남동2가)
창원유니시티,경상남도 창원시 의창구 중동중앙로 47 (중동)
창원파티마병원,경상남도 창원시 의창구 창이대로 45 (명서동)
창원내서,경상남도 창원시 마산회원구 내서읍 광려천서로 81 
통영이마트,경상남도 통영시 광도면 죽림4로 9 
거제대로DT,경상남도 거제시 거제대로 4521 (수월동)
거제고현,경상남도 거제시 거제중앙로 1936 (고현동)
소노캄거제,경상남도 거제시 일운면 거제대로 2660 1층
거제옥포,경상남도 거제시 옥포대첩로 38 (옥포동)
디큐브거제,경상남도 거제시 장평로 12 (장평동)
거제옥포DT,경상남도 거제시 거제대로 3718 (옥포동)
남양산IC DT,경상남도 양산시 동면 양산대로 532 
양산증산역,경상남도 양산시 물금읍 증산역로 177 
양산가촌,경상남도 양산시 물금읍 야리로 25 
양산덕계DT,경상남도 양산시 웅상대로 860 (덕계동)
양산터미널,경상남도 양산시 양산역1길 7 (중부동) 양산시외버스터미널
양산범어,경상남도 양산시 물금읍 범어로 62
양산이마트,"경상남도 양산시 양산역6길 12, 양산이마트 1층 (중부동)"
안산삼성프라자,"경기도 안산시 상록구 광덕1로 342 (이동), 1층 일부"
안산한대앞역,"경기도 안산시 상록구 광덕1로 379, 한남빌딩 1~2층 (이동)"
안산한양대,"경기도 안산시 상록구 성안길 82-3, B동 1층 (사동)"
안산문화광장,"경기도 안산시 단원구 광덕대로 154, ,771-4 로데오타운1층 (고잔동)"
송산그린시티,경기도 화성시 수노을중앙로 136 
안산중앙역,경기도 안산시 단원구 중앙대로 907 (고잔동)
안산중앙,"경기도 안산시 단원구 고잔로 102, 스타타워 1층 (고잔동)"
안산고잔센트럴타워,경기도 안산시 단원구 고잔로 72 (고잔동)
경산중방DT,경상북도 경산시 경안로 222 (중방동)
영남대아트센터,경상북도 경산시 대학로 280 (대동) 영남대학교
영남대중앙도서관,경상북도 경산시 대학로 280 (조영동) 영남대학교
영남대,"경상북도 경산시 청운로 16, 1~3층 (대동)"
대구가톨릭대,경상북도 경산시 하양읍 하양로 18 
경산이마트,경상북도 경산시 옥산로 227 (중산동) 경산이마트
대구대학교,경상북도 경산시 진량읍 대구대로 201 
경산임당역DT,경상북도 경산시 대학로 208 (계양동)
경주보문,경상북도 경주시 보문로 537 (천군동)
경주터미널DT,경상북도 경주시 태종로 686 (사정동)
경주황성,경상북도 경주시 황성로1번길 4 (황성동)
경주대릉원,경상북도 경주시 첨성로 125 (황남동)
경주보문호수DT,경상북도 경주시 보문로 132-6 (북군동)
경주중앙,경상북도 경주시 원효로 105-1 (노동동)
경주보문로DT,"경상북도 경주시 보문로 510-6, 외 1번지(신평동 719-220) (천군동)"
구미상모DT,경상북도 구미시 금오대로 439 (상모동)
구미도량DT,경상북도 구미시 야은로 312 (도량동)
구미옥계,경상북도 구미시 옥계북로 20 (양포동)
구미시청DT,경상북도 구미시 송정대로 27 (송정동)
구미인의,경상북도 구미시 인동중앙로 15 (인의동)
구미금오산DT,경상북도 구미시 금오산로 205 (남통동)
구미,경상북도 구미시 구미중앙로 94 (원평동)
구미인동,"경상북도 구미시 인동가산로 9-3, 노블레스타워 1층 (황상동)"
구미공단,"경상북도 구미시 1공단로 212, HALLA SIGMA VALLEY 106 (공단동)"
구미광평DT,경상북도 구미시 구미대로 188 (광평동)
구미문성DT,경상북도 구미시 고아읍 들성로 207 
구미확장단지,경상북도 구미시 신당1로4길 19
포항쌍용DT,경상북도 포항시 남구 중흥로 122 (상도동)
포항오천,경상북도 포항시 남구 오천읍 원동로 15
포항대이,경상북도 포항시 남구 포스코대로 124 (대잠동)
포항이마트,"경상북도 포항시 남구 냉천로 10, 이마트 포항점 1층 (인덕동)"
포항애비뉴,경상북도 포항시 남구 중흥로 77 (상도동) 밸류플러스복합빌딩
포항시청,경상북도 포항시 남구 시청로 5 (대잠동)
포항세명기독병원,경상북도 포항시 남구 포스코대로 351 (대도동)
포항포스코DT,경상북도 포항시 남구 동해안로6213번길 15-15 (동촌동)
문경새재,경상북도 문경시 문경읍 새재로 906 
김천구미역,경상북도 김천시 혁신3로 26 (율곡동)
김천시청DT,경상북도 김천시 시청로 47 (대신동)
안동이마트,경상북도 안동시 옥동1길 2 (옥동)
안동병원,경상북도 안동시 앙실로 11 (수상동)
안동시청,경상북도 안동시 서동문로 173 (삼산동)
안동옥동,경상북도 안동시 경북대로 379 (옥동)
포항죽도DT,경상북도 포항시 북구 새천년대로 486 699-1 에스오일
포항장성DT,경상북도 포항시 북구 새천년대로 1255 (장성동)
포항양덕,경상북도 포항시 북구 장량로 162 (양덕동)
포항중앙,경상북도 포항시 북구 불종로 41 (신흥동)
포항영일대비치,경상북도 포항시 북구 삼호로 186 (항구동)
안산삼성프라자,"경기도 안산시 상록구 광덕1로 342 (이동), 1층 일부"
안산한대앞역,"경기도 안산시 상록구 광덕1로 379, 한남빌딩 1~2층 (이동)"
안산한양대,"경기도 안산시 상록구 성안길 82-3, B동 1층 (사동)"
안산문화광장,"경기도 안산시 단원구 광덕대로 154, ,771-4 로데오타운1층 (고잔동)"
송산그린시티,경기도 화성시 수노을중앙로 136 
안산중앙역,경기도 안산시 단원구 중앙대로 907 (고잔동)
안산중앙,"경기도 안산시 단원구 고잔로 102, 스타타워 1층 (고잔동)"
안산고잔센트럴타워,경기도 안산시 단원구 고잔로 72 (고잔동)
전남광양DT,전라남도 광양시 중마중앙로 143 
목포터미널DT,전라남도 목포시 영산로 495
목포하당,전라남도 목포시 백년대로 293 (상동)
목포북항DT,전라남도 목포시 고하대로 694 (산정동)
목포옥암,전라남도 목포시 백년대로375번길 1 (옥암동)
목포평화광장,전라남도 목포시 미항로 137 (상동)
목포남악,전라남도 무안군 남악3로82번길 11
전남도청DT,전라남도 무안군 삼향읍 남악3로 54 
순천연향,전라남도 순천시 연향번영길 118 (연향동)
순천신대,전라남도 순천시 해룡면 향매로 99 
순천호수공원,전라남도 순천시 왕지2길 17 (왕지동)
순천조례,전라남도 순천시 비봉2길 9 (조례동)
순천용당DT,전라남도 순천시 중앙로 398 (가곡동)
여수해양공원,전라남도 여수시 이순신 광장로 192
여수학동DT,전라남도 여수시 도원로 271 (학동)
여수웅천,전라남도 여수시 예울마루로 37-53 (웅천동)
여수둔덕DT,전라남도 여수시 좌수영로 482 (둔덕동)
여수여서,전라남도 여수시 여문1로 49 (여서동)
여수여천,전라남도 여수시 망마로 39 (학동)
여수신월DT,전라남도 여수시 신월로 567 (신월동)
여수마리나,전라남도 여수시 웅천로 134 (웅천동)
전남나주,전라남도 나주시 상야1길 21 (빛가람동)
나주혁신DT,전라남도 나주시 빛가람로 838 (빛가람동)
안산삼성프라자,"경기도 안산시 상록구 광덕1로 342 (이동), 1층 일부"
안산한대앞역,"경기도 안산시 상록구 광덕1로 379, 한남빌딩 1~2층 (이동)"
안산한양대,"경기도 안산시 상록구 성안길 82-3, B동 1층 (사동)"
안산문화광장,"경기도 안산시 단원구 광덕대로 154, ,771-4 로데오타운1층 (고잔동)"
송산그린시티,경기도 화성시 수노을중앙로 136 
안산중앙역,경기도 안산시 단원구 중앙대로 907 (고잔동)
안산중앙,"경기도 안산시 단원구 고잔로 102, 스타타워 1층 (고잔동)"
안산고잔센트럴타워,경기도 안산시 단원구 고잔로 72 (고잔동)
익산모현,전라북도 익산시 선화로 106 (모현동1가)
익산영등DT,전라북도 익산시 무왕로 1005 (영등동)
익산영등,전라북도 익산시 무왕로 1052 (영등동)
전주송천DT,전라북도 전주시  송천중앙로 228
전북대병원DT,전라북도 전주시 덕진구 백제대로 616 (금암동)
전주혁신도시,전라북도 전주시 덕진구 기지로 68 (중동)
전주덕진광장DT,전라북도 전주시 덕진구 기린대로 491 (덕진동1가)
전북대,전라북도 전주시 덕진구 명륜4길 12 (덕진동1가)
전주에코시티,전라북도 전주시 덕진구 세병2길 10 (송천동2가)
전주인후DT,전라북도 전주시 덕진구 아중로 135 (인후동1가)
전주IC DT,전라북도 전주시 덕진구 기린대로 1022 (여의동)
전주평화DT,전라북도 전주시 완산구 모악로 4696 (평화동2가)
전주백제대로DT,전라북도 전주시 완산구 백제대로 242 (중화산동2가)
전주효자DT,전라북도 전주시 완산구 용머리로 7 (효자동1가)
전주서신,전라북도 전주시 완산구 서신로 104 (서신동)
전주중화산,전라북도 전주시 완산구 유연로 288 (중화산동2가)
전주홍산로,전라북도 전주시 완산구 홍산로 238 (효자동2가)
전주한옥마을,전라북도 전주시 완산구 팔달로 123 (전동)
전북도청,전라북도 전주시 완산구 홍산중앙로 22 (효자동3가)
전주경원,전라북도 전주시 완산구 전주객사4길 44-18 (고사동)
전주신시가지,전라북도 전주시 완산구 우전로 255 (효자동2가)
전주효천DT,전라북도 전주시 완산구 천잠로 149 (효자동2가)
전북정읍DT,전라북도 정읍시 충정로 271 (수성동)
군산나운DT,전라북도 군산시 공단대로 422 (나운동)
군산수송,전라북도 군산시 수송로 195 (수송동)
군산대,전라북도 군산시 황룡로 7 (미룡동)
군산수송DT,전라북도 군산시 공단대로 243 (수송동)
안산삼성프라자,"경기도 안산시 상록구 광덕1로 342 (이동), 1층 일부"
안산한대앞역,"경기도 안산시 상록구 광덕1로 379, 한남빌딩 1~2층 (이동)"
안산한양대,"경기도 안산시 상록구 성안길 82-3, B동 1층 (사동)"
안산문화광장,"경기도 안산시 단원구 광덕대로 154, ,771-4 로데오타운1층 (고잔동)"
송산그린시티,경기도 화성시 수노을중앙로 136 
안산중앙역,경기도 안산시 단원구 중앙대로 907 (고잔동)
안산중앙,"경기도 안산시 단원구 고잔로 102, 스타타워 1층 (고잔동)"
안산고잔센트럴타워,경기도 안산시 단원구 고잔로 72 (고잔동)
공주동학사DT,충청남도 공주시 반포면 동학사1로 114 
공주신관,충청남도 공주시 번영1로 113 (신관동)
논산중앙,충청남도 논산시 중앙로398번길 13-10
논산내동DT,충청남도 논산시 시민로 165 (내동)
충남보령DT,충청남도 보령시 대해로 101 (궁촌동)
서산예천DT,충청남도 서산시 나무장1길 22 (예천동)
서산호수,"충청남도 서산시 호수공원2로 33, 1~2층 (읍내동)"
천안신부R,충청남도 천안시 동남구 만남로 43 (신부동) 아라리오갤러리
천안청당,충청남도 천안시 동남구 청수14로 102 (청당동)
천안안서,충청남도 천안시 동남구 안서3길 3 (안서동)
천안IC DT,충청남도 천안시 동남구 신부15길 3 (신부동)
천안신부동,충청남도 천안시 동남구 만남로 9 (신안동)
천안서북이마트,충청남도 천안시 서북구 삼성대로 20 (백석동)
천안백석,충청남도 천안시 서북구 백석로 85-4 (백석동)
천안불당DT,충청남도 천안시 서북구 불당34길 2 (불당동)
천안서부대로DT,충청남도 천안시 서북구 서부대로 405 (쌍용동)
천안두정역DT,충청남도 천안시 서북구 두정로 264 (두정동)
천안시청,충청남도 천안시 서북구 불당22대로 67 (불당동)
천안쌍용역,충청남도 천안시 서북구 충무로 133 (쌍용동)
천안신불당,충청남도 천안시 서북구 불당33길 24 (불당동)
천안성정DT,충청남도 천안시 서북구 동서대로 154 (성정동)
천안불당,충청남도 천안시 서북구 불당4로 91 (불당동)
천안두정,충청남도 천안시 서북구 부성4길 3 (부성1동)
천안이마트,충청남도 천안시 서북구 충무로 187 (쌍용동) 천안이마트 1층
천안업성레이크,충청남도 천안시 서북구 업성수변로 69 (성성동)
계룡대로DT,충청남도 계룡시 엄사면 번영로 6 
당진시곡DT,충청남도 당진시 서해로 6283 (시곡동)
당진문예의전당,충청남도 당진시 시청1로 78 (읍내동) 1층
아산방축DT,충청남도 아산시 온천대로 1392 (방축동)
아산배방,충청남도 아산시 배방읍 배방로 22 
아산탕정,충청남도 아산시 탕정면 탕정면로 10 
아산용화,충청남도 아산시 어의정로 117 (용화동)
아산터미널,충청남도 아산시 번영로 232 (모종동)
아산권곡,충청남도 아산시 문화로 271-6 (권곡동) 101~105호
안산삼성프라자,"경기도 안산시 상록구 광덕1로 342 (이동), 1층 일부"
안산한대앞역,"경기도 안산시 상록구 광덕1로 379, 한남빌딩 1~2층 (이동)"
안산한양대,"경기도 안산시 상록구 성안길 82-3, B동 1층 (사동)"
안산문화광장,"경기도 안산시 단원구 광덕대로 154, ,771-4 로데오타운1층 (고잔동)"
송산그린시티,경기도 화성시 수노을중앙로 136 
안산중앙역,경기도 안산시 단원구 중앙대로 907 (고잔동)
안산중앙,"경기도 안산시 단원구 고잔로 102, 스타타워 1층 (고잔동)"
안산고잔센트럴타워,경기도 안산시 단원구 고잔로 72 (고잔동)
충북증평,충청북도 증평군 증평읍 광장로 40 
청주용암DT,충청북도 청주시 상당구 1순환로 1243 (용암동)
청주용담DT,충청북도 청주시 상당구 산성로 129 (용담동)
청주서문,충청북도 청주시 상당구 무심동로392번길 20 (서문동)
충주호암DT,충청북도 충주시 중원대로 3245 (호암동)
충주시청DT,충청북도 충주시 국원대로 208-1 (금릉동)
충주터미널,충청북도 충주시 봉계13길 2 (봉방동)
충주연수,충청북도 충주시 계명대로 227 (연수동)
충북혁신도시,충청북도 음성군 맹동면 원중로 1416 
제천DT,충청북도 제천시 의림대로 181 (중앙로2가)
청주비하DT,충청북도 청주시 흥덕구 2순환로 1078 (비하동)
청주오송,충청북도 청주시 흥덕구 오송읍 오송생명로 220 
청주봉명DT,충청북도 청주시 흥덕구 1순환로 514 (봉명동)
청주강서,충청북도 청주시 흥덕구 강서로 121 (강서동)
청주지웰시티,충청북도 청주시 흥덕구 대농로 43 (복대동) 신영지웰시티 1차 상업시설
현대충청,충청북도 청주시 흥덕구 직지대로 308 (복대동)
청주터미널,충청북도 청주시 흥덕구 풍산로 15 (가경동)
청주복대지웰,충청북도 청주시 흥덕구 대농로 52 (복대동)
청주이마트,충청북도 청주시 서원구 청남로 1853 (미평동)
청주사직DT,충청북도 청주시 서원구 사직대로 302 (사직동)
청주성화,충청북도 청주시 서원구 복대로 5 (개신동)
충북대,충청북도 청주시 서원구 내수동로 113 (사창동)
오창호수공원,"충청북도 청주시 청원구 오창읍 중심상업1로 20 101,102,103,104호"
청주율량DT,충청북도 청주시 청원구 충청대로107번길 8 (율량동)
오창과학단지,충청북도 청주시 청원구 오창읍 과학산업2로 385 
안산삼성프라자,"경기도 안산시 상록구 광덕1로 342 (이동), 1층 일부"
안산한대앞역,"경기도 안산시 상록구 광덕1로 379, 한남빌딩 1~2층 (이동)"
안산한양대,"경기도 안산시 상록구 성안길 82-3, B동 1층 (사동)"
안산문화광장,"경기도 안산시 단원구 광덕대로 154, ,771-4 로데오타운1층 (고잔동)"
송산그린시티,경기도 화성시 수노을중앙로 136 
안산중앙역,경기도 안산시 단원구 중앙대로 907 (고잔동)
안산중앙,"경기도 안산시 단원구 고잔로 102, 스타타워 1층 (고잔동)"
안산고잔센트럴타워,경기도 안산시 단원구 고잔로 72 (고잔동)
제주신화월드R,제주특별자치도 서귀포시 안덕면 신화역사로304번길 38 B1-29
제주에듀시티,제주특별자치도 서귀포시 대정읍 에듀시티로 36 
제주성산DT,제주특별자치도 서귀포시 성산읍 일출로 80 
제주중문DT,제주특별자치도 서귀포시 천제연로 95(색달동)
제주서귀포,제주특별자치도 서귀포시 중정로 53 (서귀동)
제주송악산,제주특별자치도 서귀포시 대정읍 형제해안로 322 
서귀포DT,제주특별자치도 서귀포시 일주서로 11 (강정동)
성산일출봉,"제주특별자치도 서귀포시 성산읍 일출로 284-5 1,2층"
제주중문,제주특별자치도 서귀포시 중문관광로110번길 32 (색달동)
제주도남DT,제주특별자치도 제주시 연북로 394 (도남동)
제주협재,제주특별자치도 제주시 한림읍 한림로 337 
제주외도DT,제주특별자치도 제주시 일주서로 7300 (외도일동)
제주삼화DT,제주특별자치도 제주시 연삼로 884 (도련일동)
제주시청,제주특별자치도 제주시 중앙로 215 (이도이동)
제주함덕,제주특별자치도 제주시 조천읍 조함해안로 522 
제주노형공원,제주특별자치도 제주시 연북로 12 (노형동)
제주애월DT,제주특별자치도 제주시 애월읍 애월해안로 376 
제주칠성,제주특별자치도 제주시 관덕로 55 (일도일동)
제주노형,제주특별자치도 제주시 도령로 27 (노형동)
제주용담DT,제주특별자치도 제주시 서해안로 380 (용담삼동) 화이트하우스
신제주이마트,"제주특별자치도 제주시 1100로 3348, 신제주이마트 1층 (노형동)"
제주서해안로DT,제주특별자치도 제주시 서해안로 624 (용담삼동)
제주일도DT,제주특별자치도 제주시 동광로 130 (일도이동)
안산삼성프라자,"경기도 안산시 상록구 광덕1로 342 (이동), 1층 일부"
안산한대앞역,"경기도 안산시 상록구 광덕1로 379, 한남빌딩 1~2층 (이동)"
안산한양대,"경기도 안산시 상록구 성안길 82-3, B동 1층 (사동)"
안산문화광장,"경기도 안산시 단원구 광덕대로 154, ,771-4 로데오타운1층 (고잔동)"
송산그린시티,경기도 화성시 수노을중앙로 136 
안산중앙역,경기도 안산시 단원구 중앙대로 907 (고잔동)
안산중앙,"경기도 안산시 단원구 고잔로 102, 스타타워 1층 (고잔동)"
안산고잔센트럴타워,경기도 안산시 단원구 고잔로 72 (고잔동)
세종다정DT,세종특별자치시 다정북로 219 (다정동)
세종보람,"세종특별자치시 한누리대로 2165 (보람동) A118,119,120,121,128,129,130,131"
세종새롬,세종특별자치시  새롬중앙로 64 (새롬동)
세종어진R,세종특별자치시  한누리대로 499 (어진동)
세종종촌,세종특별자치시  도움3로 105-10 (종촌동) 성운프라자
세종첫마을,세종특별자치시  한누리대로 169 행복타워 1층
세종이마트,세종특별자치시 금송로 687(가람동 406) 이마트 세종점
세종청사,세종특별자치시  도움8로 81 (어진동)
세종아름,"세종특별자치시 아름서1길 13-9 (아름동) 103,104,105,202,203호"
세종소담,"세종특별자치시 소담3로 8 (소담동) 1동  12호,13호,14호,15호,15a호,16호"
세종충남대학교병원,세종특별자치시 보듬7로 20 (도담동) 헬스케어센터 1층
